timestamp,simple-path,time
"2022-05-22 14:59:03.195","/master/welcome",5710
"2022-05-22 14:59:03.739","/master/welcome",470
"2022-05-22 14:59:06.552","/master/sign-in",2720
"2022-05-22 14:59:07.912","/master/welcome",586
"2022-05-22 14:59:09.185","/administrator/configuration/show",1095
"2022-05-22 14:59:10.028","/master/welcome",426
"2022-05-22 14:59:10.668","/master/welcome",569
"2022-05-22 14:59:14.701","/master/welcome",321
"2022-05-22 14:59:15.073","/master/welcome",317
"2022-05-22 14:59:15.706","/master/sign-in",561
"2022-05-22 14:59:17.02","/master/welcome",578
"2022-05-22 14:59:17.726","/administrator/configuration/show",553
"2022-05-22 14:59:19.11","/administrator/configuration/update",559
"2022-05-22 14:59:19.791","/master/welcome",330
"2022-05-22 14:59:20.417","/master/welcome",563
"2022-05-22 14:59:22.853","/master/welcome",326
"2022-05-22 14:59:23.2","/master/welcome",316
"2022-05-22 14:59:23.826","/master/sign-in",565
"2022-05-22 14:59:25.116","/master/welcome",565
"2022-05-22 14:59:25.83","/administrator/configuration/show",557
"2022-05-22 14:59:27.306","/administrator/configuration/update",551
"2022-05-22 14:59:27.783","/master/welcome",429
"2022-05-22 14:59:28.41","/master/welcome",562
"2022-05-22 14:59:30.829","/master/welcome",329
"2022-05-22 14:59:31.199","/master/welcome",322
"2022-05-22 14:59:31.843","/master/sign-in",575
"2022-05-22 14:59:33.093","/master/welcome",562
"2022-05-22 14:59:33.806","/administrator/configuration/show",562
"2022-05-22 14:59:35.31","/administrator/configuration/update",566
"2022-05-22 14:59:35.69","/master/welcome",326
"2022-05-22 14:59:36.324","/master/welcome",568
"2022-05-22 14:59:38.704","/master/welcome",298
"2022-05-22 14:59:39.05","/master/welcome",309
"2022-05-22 14:59:39.674","/master/sign-in",561
"2022-05-22 14:59:40.94","/master/welcome",566
"2022-05-22 14:59:41.654","/administrator/configuration/show",557
"2022-05-22 14:59:43.09","/administrator/configuration/update",546
"2022-05-22 14:59:43.466","/master/welcome",333
"2022-05-22 14:59:44.111","/master/welcome",567
"2022-05-22 14:59:46.493","/master/welcome",299
"2022-05-22 14:59:46.852","/master/welcome",314
"2022-05-22 14:59:47.503","/master/sign-in",577
"2022-05-22 14:59:48.78","/master/welcome",573
"2022-05-22 14:59:49.516","/administrator/configuration/show",570
"2022-05-22 14:59:51.184","/administrator/configuration/update",634
"2022-05-22 14:59:51.81","/master/welcome",451
"2022-05-22 14:59:52.572","/master/welcome",570
"2022-05-22 14:59:54.959","/master/welcome",287
"2022-05-22 14:59:55.303","/master/welcome",299
"2022-05-22 14:59:55.944","/master/sign-in",577
"2022-05-22 14:59:57.199","/master/welcome",567
"2022-05-22 14:59:57.934","/administrator/configuration/show",567
"2022-05-22 14:59:59.525","/administrator/configuration/update",581
"2022-05-22 14:59:59.908","/master/welcome",328
"2022-05-22 15:00:00.55","/master/welcome",579
"2022-05-22 15:00:02.985","/master/welcome",342
"2022-05-22 15:00:03.348","/master/welcome",326
"2022-05-22 15:00:03.986","/master/sign-in",572
"2022-05-22 15:00:05.25","/master/welcome",569
"2022-05-22 15:00:06.001","/administrator/configuration/show",572
"2022-05-22 15:00:07.54","/administrator/configuration/update",579
"2022-05-22 15:00:07.931","/master/welcome",339
"2022-05-22 15:00:08.548","/master/welcome",560
"2022-05-22 15:00:10.951","/master/welcome",317
"2022-05-22 15:00:11.296","/master/welcome",319
"2022-05-22 15:00:11.937","/master/sign-in",577
"2022-05-22 15:00:13.212","/master/welcome",576
"2022-05-22 15:00:13.915","/administrator/configuration/update",632
"2022-05-22 15:00:14.345","/master/welcome",374
"2022-05-22 15:00:14.973","/master/welcome",565
"2022-05-22 15:00:17.309","/master/welcome",267
"2022-05-22 15:00:17.944","/master/sign-in",571
"2022-05-22 15:00:19.213","/master/welcome",581
"2022-05-22 15:00:19.616","/administrator/configuration/update",338
"2022-05-22 15:00:19.97","/master/welcome",315
"2022-05-22 15:00:20.59","/master/welcome",558
"2022-05-22 15:00:22.988","/administrator/configuration/update",326
"2022-05-22 15:00:25.353","/master/welcome",300
"2022-05-22 15:00:26.588","/any/chirp/list-recent",1107
"2022-05-22 15:00:31.078","/master/welcome",300
"2022-05-22 15:00:31.756","/any/chirp/list-recent",552
"2022-05-22 15:00:32.921","/any/chirp/create",1096
"2022-05-22 15:00:35.386","/any/chirp/list-recent",561
"2022-05-22 15:00:36.081","/any/chirp/list-recent",569
"2022-05-22 15:00:36.648","/master/welcome",299
"2022-05-22 15:00:37.384","/any/chirp/list-recent",566
"2022-05-22 15:00:38.031","/any/chirp/create",564
"2022-05-22 15:00:39.465","/any/chirp/create",567
"2022-05-22 15:00:39.839","/master/welcome",314
"2022-05-22 15:00:40.525","/any/chirp/list-recent",560
"2022-05-22 15:00:41.161","/any/chirp/create",561
"2022-05-22 15:00:42.642","/any/chirp/create",559
"2022-05-22 15:00:43.007","/master/welcome",302
"2022-05-22 15:00:43.698","/any/chirp/list-recent",565
"2022-05-22 15:00:44.345","/any/chirp/create",561
"2022-05-22 15:00:45.8","/any/chirp/create",585
"2022-05-22 15:00:46.193","/master/welcome",323
"2022-05-22 15:00:46.9","/any/chirp/list-recent",566
"2022-05-22 15:00:47.564","/any/chirp/create",580
"2022-05-22 15:00:49.091","/any/chirp/create",567
"2022-05-22 15:00:49.494","/master/welcome",332
"2022-05-22 15:00:50.18","/any/chirp/list-recent",562
"2022-05-22 15:00:50.822","/any/chirp/create",567
"2022-05-22 15:00:52.341","/any/chirp/create",574
"2022-05-22 15:00:52.715","/master/welcome",301
"2022-05-22 15:00:53.465","/any/chirp/list-recent",587
"2022-05-22 15:00:54.138","/any/chirp/create",595
"2022-05-22 15:00:55.759","/any/chirp/create",578
"2022-05-22 15:00:56.111","/master/welcome",284
"2022-05-22 15:00:56.828","/any/chirp/list-recent",572
"2022-05-22 15:00:57.486","/any/chirp/create",574
"2022-05-22 15:00:58.713","/any/chirp/create",563
"2022-05-22 15:00:59.089","/master/welcome",321
"2022-05-22 15:01:00.824","/master/welcome",280
"2022-05-22 15:01:01.507","/any/toolkit/list",555
"2022-05-22 15:01:02.856","/any/toolkit/show",1096
"2022-05-22 15:01:03.268","/master/welcome",311
"2022-05-22 15:01:03.982","/any/toolkit/list",580
"2022-05-22 15:01:04.816","/any/toolkit/show",565
"2022-05-22 15:01:05.252","/master/welcome",329
"2022-05-22 15:01:05.943","/any/toolkit/list",564
"2022-05-22 15:01:06.749","/any/toolkit/show",562
"2022-05-22 15:01:09.461","/master/welcome",582
"2022-05-22 15:01:10.733","/any/toolkit/list",606
"2022-05-22 15:01:11.556","/master/welcome",545
"2022-05-22 15:01:12.793","/any/toolkit/list",563
"2022-05-22 15:01:13.442","/master/welcome",346
"2022-05-22 15:01:14.146","/any/toolkit/list",561
"2022-05-22 15:01:16.658","/master/welcome",365
"2022-05-22 15:01:17.907","/any/user-account/list",569
"2022-05-22 15:01:18.986","/master/welcome",528
"2022-05-22 15:01:19.689","/any/user-account/list",588
"2022-05-22 15:01:20.802","/master/welcome",559
"2022-05-22 15:01:22.018","/any/user-account/list",553
"2022-05-22 15:01:23.117","/master/welcome",550
"2022-05-22 15:01:23.823","/any/user-account/list",565
"2022-05-22 15:01:26.326","/master/welcome",566
"2022-05-22 15:01:27.036","/any/user-account/list",570
"2022-05-22 15:01:28.368","/any/user-account/show",570
"2022-05-22 15:01:29.225","/master/welcome",551
"2022-05-22 15:01:29.945","/any/user-account/list",571
"2022-05-22 15:01:30.74","/any/user-account/show",565
"2022-05-22 15:01:31.576","/master/welcome",532
"2022-05-22 15:01:32.26","/any/user-account/list",554
"2022-05-22 15:01:33.62","/any/user-account/show",571
"2022-05-22 15:01:34.466","/master/welcome",551
"2022-05-22 15:01:35.191","/any/user-account/list",597
"2022-05-22 15:01:35.984","/any/user-account/show",564
"2022-05-22 15:01:37.936","/master/welcome",295
"2022-05-22 15:01:38.572","/master/welcome",589
"2022-05-22 15:01:39.202","/master/sign-in",570
"2022-05-22 15:01:41.005","/master/welcome",577
"2022-05-22 15:01:42.258","/inventor/toolkit/list-mine-toolkits",569
"2022-05-22 15:01:43.603","/inventor/toolkit/show",564
"2022-05-22 15:01:44.265","/master/welcome",545
"2022-05-22 15:01:44.838","/master/welcome",542
"2022-05-22 15:01:45.463","/master/sign-in",563
"2022-05-22 15:01:47.216","/master/welcome",573
"2022-05-22 15:01:47.943","/inventor/toolkit/list-mine-toolkits",564
"2022-05-22 15:01:49.309","/inventor/toolkit/show",1097
"2022-05-22 15:01:49.746","/master/welcome",314
"2022-05-22 15:01:50.309","/master/welcome",533
"2022-05-22 15:01:50.931","/master/sign-in",561
"2022-05-22 15:01:52.66","/master/welcome",548
"2022-05-22 15:01:53.889","/inventor/toolkit/list-mine-toolkits",550
"2022-05-22 15:01:55.235","/inventor/toolkit/show",570
"2022-05-22 15:01:56.189","/master/welcome",529
"2022-05-22 15:01:56.827","/master/welcome",576
"2022-05-22 15:02:00.594","/master/welcome",326
"2022-05-22 15:02:01.166","/master/welcome",542
"2022-05-22 15:02:01.787","/master/sign-in",562
"2022-05-22 15:02:03.547","/master/welcome",562
"2022-05-22 15:02:04.805","/inventor/toolkit/list-mine-toolkits",565
"2022-05-22 15:02:05.408","/master/welcome",310
"2022-05-22 15:02:06.005","/master/welcome",556
"2022-05-22 15:02:06.661","/master/sign-in",591
"2022-05-22 15:02:08.411","/master/welcome",574
"2022-05-22 15:02:09.667","/inventor/toolkit/list-mine-toolkits",567
"2022-05-22 15:02:10.312","/master/welcome",369
"2022-05-22 15:02:10.856","/master/welcome",514
"2022-05-22 15:02:11.479","/master/sign-in",565
"2022-05-22 15:02:13.224","/master/welcome",578
"2022-05-22 15:02:14.508","/inventor/toolkit/list-mine-toolkits",563
"2022-05-22 15:02:15.548","/master/welcome",564
"2022-05-22 15:02:16.174","/master/welcome",564
"2022-05-22 15:02:20.174","/master/welcome",517
"2022-05-22 15:02:20.77","/master/welcome",564
"2022-05-22 15:02:21.933","/master/sign-in",571
"2022-05-22 15:02:23.259","/master/welcome",579
"2022-05-22 15:02:24.536","/authenticated/announcement/list",569
"2022-05-22 15:02:28.604","/master/welcome",548
"2022-05-22 15:02:29.169","/master/welcome",533
"2022-05-22 15:02:29.794","/master/sign-in",563
"2022-05-22 15:02:32.089","/master/welcome",583
"2022-05-22 15:02:33.344","/authenticated/announcement/list",558
"2022-05-22 15:02:37.376","/master/welcome",525
"2022-05-22 15:02:37.94","/master/welcome",532
"2022-05-22 15:02:40.938","https://www.youtube.com",563
"2022-05-22 15:02:41.756","/master/welcome",775
"2022-05-22 15:02:44.049","https://www.youtube.com/watch",572
"2022-05-22 15:02:44.716","/master/welcome",625
"2022-05-22 15:02:46.914","https://www.youtube.com/watch",593
"2022-05-22 15:02:47.527","/master/welcome",571
"2022-05-22 15:02:49.829","https://www.youtube.com/watch",569
"2022-05-22 15:02:50.474","/master/welcome",592
"2022-05-22 15:02:52.242","https://www.powerpyx.com",585
"2022-05-22 15:02:52.924","/master/welcome",643
"2022-05-22 15:02:54.784","https://www.youtube.com/watch",595
"2022-05-22 15:02:56.703","/master/welcome",586
"2022-05-22 15:02:57.273","/master/welcome",544
"2022-05-22 15:02:58.441","/anonymous/user-account/create",566
"2022-05-22 15:03:01.692","/master/welcome",579
"2022-05-22 15:03:04.273","/master/welcome",512
"2022-05-22 15:03:04.901","/master/sign-in",565
"2022-05-22 15:03:06.671","/master/welcome",562
"2022-05-22 15:03:07.266","/master/welcome",533
"2022-05-22 15:03:07.908","/master/welcome",576
"2022-05-22 15:03:10.565","/master/welcome",559
"2022-05-22 15:03:11.127","/master/welcome",530
"2022-05-22 15:03:12.298","/anonymous/user-account/create",564
"2022-05-22 15:03:15.626","/master/welcome",575
"2022-05-22 15:03:18.224","/master/welcome",516
"2022-05-22 15:03:18.849","/master/sign-in",564
"2022-05-22 15:03:20.609","/master/welcome",577
"2022-05-22 15:03:21.22","/master/welcome",549
"2022-05-22 15:03:21.845","/master/welcome",562
"2022-05-22 15:03:24.54","/master/welcome",583
"2022-05-22 15:03:25.114","/master/welcome",545
"2022-05-22 15:03:26.278","/anonymous/user-account/create",562
"2022-05-22 15:03:29.557","/master/welcome",587
"2022-05-22 15:03:32.166","/master/welcome",526
"2022-05-22 15:03:32.792","/master/sign-in",566
"2022-05-22 15:03:34.53","/master/welcome",569
"2022-05-22 15:03:35.124","/master/welcome",532
"2022-05-22 15:03:35.743","/master/welcome",556
"2022-05-22 15:03:38.375","/master/welcome",532
"2022-05-22 15:03:38.921","/master/welcome",514
"2022-05-22 15:03:40.075","/anonymous/user-account/create",557
"2022-05-22 15:03:43.366","/master/welcome",564
"2022-05-22 15:03:45.967","/master/welcome",514
"2022-05-22 15:03:46.587","/master/sign-in",567
"2022-05-22 15:03:48.313","/master/welcome",560
"2022-05-22 15:03:48.919","/master/welcome",542
"2022-05-22 15:03:49.556","/master/welcome",570
"2022-05-22 15:03:52.208","/master/welcome",538
"2022-05-22 15:03:52.782","/master/welcome",544
"2022-05-22 15:03:53.938","/anonymous/user-account/create",566
"2022-05-22 15:03:57.257","/master/welcome",562
"2022-05-22 15:03:59.874","/master/welcome",541
"2022-05-22 15:04:00.502","/master/sign-in",565
"2022-05-22 15:04:02.266","/master/welcome",578
"2022-05-22 15:04:02.9","/master/welcome",563
"2022-05-22 15:04:03.533","/master/welcome",553
"2022-05-22 15:04:06.156","/master/welcome",522
"2022-05-22 15:04:06.717","/master/welcome",528
"2022-05-22 15:04:07.884","/anonymous/user-account/create",569
"2022-05-22 15:04:11.199","/master/welcome",564
"2022-05-22 15:04:13.806","/master/welcome",525
"2022-05-22 15:04:14.416","/master/sign-in",559
"2022-05-22 15:04:16.148","/master/welcome",581
"2022-05-22 15:04:16.755","/master/welcome",545
"2022-05-22 15:04:17.375","/master/welcome",559
"2022-05-22 15:04:20.084","/master/welcome",585
"2022-05-22 15:04:20.629","/master/welcome",517
"2022-05-22 15:04:21.266","/anonymous/user-account/create",566
"2022-05-22 15:04:24.107","/master/welcome",574
"2022-05-22 15:04:26.714","/master/welcome",497
"2022-05-22 15:04:27.335","/master/sign-in",564
"2022-05-22 15:04:29.078","/master/welcome",572
"2022-05-22 15:04:29.653","/master/welcome",513
"2022-05-22 15:04:30.279","/master/welcome",563
"2022-05-22 15:04:32.945","/master/welcome",559
"2022-05-22 15:04:33.549","/master/welcome",574
"2022-05-22 15:04:34.182","/anonymous/user-account/create",567
"2022-05-22 15:04:37.458","/master/welcome",575
"2022-05-22 15:04:39.84","/master/welcome",315
"2022-05-22 15:04:40.467","/master/sign-in",571
"2022-05-22 15:04:42.265","/master/welcome",573
"2022-05-22 15:04:42.862","/master/welcome",528
"2022-05-22 15:04:43.485","/master/welcome",564
"2022-05-22 15:04:46.148","/master/welcome",563
"2022-05-22 15:04:46.696","/master/welcome",515
"2022-05-22 15:04:47.857","/anonymous/user-account/create",569
"2022-05-22 15:04:51.119","/master/welcome",570
"2022-05-22 15:04:53.775","/master/welcome",560
"2022-05-22 15:04:54.396","/master/sign-in",563
"2022-05-22 15:04:56.127","/master/welcome",560
"2022-05-22 15:04:56.719","/master/welcome",531
"2022-05-22 15:04:57.342","/master/welcome",562
"2022-05-22 15:04:59.757","/master/welcome",312
"2022-05-22 15:05:00.34","/master/welcome",553
"2022-05-22 15:05:01.495","/anonymous/user-account/create",558
"2022-05-22 15:05:04.808","/master/welcome",578
"2022-05-22 15:05:07.419","/master/welcome",528
"2022-05-22 15:05:08.032","/master/sign-in",552
"2022-05-22 15:05:09.773","/master/welcome",573
"2022-05-22 15:05:10.203","/master/welcome",365
"2022-05-22 15:05:10.832","/master/welcome",558
"2022-05-22 15:05:13.514","/master/welcome",577
"2022-05-22 15:05:14.159","/master/welcome",613
"2022-05-22 15:05:15.32","/anonymous/user-account/create",562
"2022-05-22 15:05:18.61","/master/welcome",577
"2022-05-22 15:05:21.209","/master/welcome",531
"2022-05-22 15:05:21.852","/master/sign-in",582
"2022-05-22 15:05:23.614","/master/welcome",580
"2022-05-22 15:05:24.217","/master/welcome",544
"2022-05-22 15:05:24.838","/master/welcome",565
"2022-05-22 15:05:27.494","/master/welcome",561
"2022-05-22 15:05:28.086","/master/welcome",562
"2022-05-22 15:05:28.708","/anonymous/user-account/create",563
"2022-05-22 15:05:32.002","/master/welcome",569
"2022-05-22 15:05:34.683","/master/welcome",605
"2022-05-22 15:05:35.847","/master/sign-in",562
"2022-05-22 15:05:37.227","/master/welcome",570
"2022-05-22 15:05:37.823","/master/welcome",532
"2022-05-22 15:05:38.452","/master/welcome",569
"2022-05-22 15:05:42.458","/master/welcome",532
"2022-05-22 15:05:43.014","/master/welcome",526
"2022-05-22 15:05:43.635","/master/sign-in",563
"2022-05-22 15:05:45.389","/master/welcome",578
"2022-05-22 15:05:46.633","/authenticated/configuration/show",564
"2022-05-22 15:05:48.413","/master/welcome",320
"2022-05-22 15:05:49.633","/any/item/list",563
"2022-05-22 15:05:50.98","/any/item/show",572
"2022-05-22 15:05:51.862","/master/welcome",333
"2022-05-22 15:05:53.106","/any/item/list",573
"2022-05-22 15:05:54.444","/any/item/show",562
"2022-05-22 15:05:55.075","/master/welcome",522
"2022-05-22 15:05:56.28","/any/item/list",561
"2022-05-22 15:05:57.625","/any/item/show",564
"2022-05-22 15:05:58.168","/master/welcome",427
"2022-05-22 15:05:58.899","/any/item/list",579
"2022-05-22 15:06:00.256","/any/item/show",570
"2022-05-22 15:06:00.682","/master/welcome",283
"2022-05-22 15:06:01.892","/any/item/list",554
"2022-05-22 15:06:03.246","/any/item/show",581
"2022-05-22 15:06:05.124","/master/welcome",363
"2022-05-22 15:06:06.347","/any/item/list",570
"2022-05-22 15:06:08.042","/master/welcome",332
"2022-05-22 15:06:08.738","/any/item/list",570
"2022-05-22 15:06:09.402","/master/welcome",341
"2022-05-22 15:06:10.658","/any/item/list",591
"2022-05-22 15:06:11.537","/master/welcome",602
"2022-05-22 15:06:12.774","/any/item/list",560
"2022-05-22 15:06:13.639","/master/welcome",533
"2022-05-22 15:06:14.434","/any/item/list",668
"2022-05-22 15:06:16.579","/master/welcome",436
"2022-05-22 15:06:16.978","/master/welcome",371
"2022-05-22 15:06:17.658","/master/sign-in",611
"2022-05-22 15:06:19.247","/master/welcome",571
"2022-05-22 15:06:20.025","/any/item/list",568
"2022-05-22 15:06:21.37","/any/item/show",565
"2022-05-22 15:06:22.439","/master/welcome",559
"2022-05-22 15:06:23.061","/master/welcome",562
"2022-05-22 15:06:25.452","/master/welcome",300
"2022-05-22 15:06:25.981","/master/welcome",505
"2022-05-22 15:06:26.589","/master/sign-in",551
"2022-05-22 15:06:28.366","/master/welcome",577
"2022-05-22 15:06:29.616","/any/item/list",563
"2022-05-22 15:06:31.0","/any/item/show",572
"2022-05-22 15:06:31.406","/master/welcome",298
"2022-05-22 15:06:31.736","/master/welcome",301
"2022-05-22 15:06:32.362","/master/sign-in",564
"2022-05-22 15:06:34.126","/master/welcome",574
"2022-05-22 15:06:35.45","/any/item/list",648
"2022-05-22 15:06:36.793","/any/item/show",566
"2022-05-22 15:06:37.237","/master/welcome",335
"2022-05-22 15:06:37.782","/master/welcome",517
"2022-05-22 15:06:38.419","/master/sign-in",569
"2022-05-22 15:06:40.042","/master/welcome",556
"2022-05-22 15:06:41.293","/any/item/list",564
"2022-05-22 15:06:42.63","/any/item/show",552
"2022-05-22 15:06:43.271","/master/welcome",530
"2022-05-22 15:06:43.803","/master/welcome",501
"2022-05-22 15:06:44.432","/master/sign-in",572
"2022-05-22 15:06:46.195","/master/welcome",583
"2022-05-22 15:06:47.463","/any/item/list",568
"2022-05-22 15:06:48.807","/any/item/show",556
"2022-05-22 15:06:50.544","/master/welcome",338
"2022-05-22 15:06:51.15","/master/welcome",573
"2022-05-22 15:06:51.774","/master/sign-in",565
"2022-05-22 15:06:53.523","/master/welcome",561
"2022-05-22 15:06:54.778","/any/item/list",564
"2022-05-22 15:06:56.718","/master/welcome",561
"2022-05-22 15:06:57.337","/master/welcome",560
"2022-05-22 15:06:59.717","/master/welcome",300
"2022-05-22 15:07:00.276","/master/welcome",531
"2022-05-22 15:07:00.898","/master/sign-in",565
"2022-05-22 15:07:02.656","/master/welcome",572
"2022-05-22 15:07:03.901","/any/item/list",552
"2022-05-22 15:07:04.732","/master/welcome",545
"2022-05-22 15:07:05.278","/master/welcome",526
"2022-05-22 15:07:05.902","/master/sign-in",556
"2022-05-22 15:07:07.55","/master/welcome",579
"2022-05-22 15:07:08.796","/any/item/list",552
"2022-05-22 15:07:09.629","/master/welcome",550
"2022-05-22 15:07:10.187","/master/welcome",525
"2022-05-22 15:07:10.813","/master/sign-in",564
"2022-05-22 15:07:12.586","/master/welcome",580
"2022-05-22 15:07:13.838","/any/item/list",571
"2022-05-22 15:07:14.432","/master/welcome",315
"2022-05-22 15:07:14.991","/master/welcome",525
"2022-05-22 15:07:15.616","/master/sign-in",565
"2022-05-22 15:07:17.422","/master/welcome",579
"2022-05-22 15:07:18.675","/any/item/list",566
"2022-05-22 15:07:20.792","/master/welcome",543
"2022-05-22 15:07:21.349","/master/welcome",526
"2022-05-22 15:07:21.972","/master/sign-in",564
"2022-05-22 15:07:24.278","/master/welcome",556
"2022-05-22 15:07:26.049","/administrator/administrator-dashboard/show",1090
"2022-05-22 15:07:26.68","/master/welcome",581
"2022-05-22 15:07:27.3","/master/welcome",562
"2022-05-22 15:07:31.261","/master/welcome",550
"2022-05-22 15:07:31.806","/master/welcome",515
"2022-05-22 15:07:32.448","/master/sign-in",577
"2022-05-22 15:07:34.219","/master/welcome",574
"2022-05-22 15:07:35.475","/patron/patronage/list-mine",556
"2022-05-22 15:07:36.807","/patron/patronage/show",1103
"2022-05-22 15:07:39.421","/master/welcome",544
"2022-05-22 15:07:39.979","/master/welcome",525
"2022-05-22 15:07:40.615","/master/sign-in",569
"2022-05-22 15:07:42.385","/master/welcome",567
"2022-05-22 15:07:43.142","/patron/patronage/list-mine",576
"2022-05-22 15:07:44.483","/patron/patronage/show",575
"2022-05-22 15:07:45.466","/master/welcome",301
"2022-05-22 15:07:46.099","/master/welcome",561
"2022-05-22 15:07:50.001","/master/welcome",530
"2022-05-22 15:07:50.548","/master/welcome",515
"2022-05-22 15:07:51.172","/master/sign-in",563
"2022-05-22 15:07:52.894","/master/welcome",559
"2022-05-22 15:07:54.166","/patron/patronage/list-mine",587
"2022-05-22 15:07:55.354","/patron/patronage/create",569
"2022-05-22 15:07:57.945","/patron/patronage/list-mine",576
"2022-05-22 15:07:58.676","/patron/patronage/list-mine",566
"2022-05-22 15:08:00.954","/patron/patronage/show",558
"2022-05-22 15:08:03.61","/master/welcome",560
"2022-05-22 15:08:04.173","/master/welcome",532
"2022-05-22 15:08:04.793","/master/sign-in",560
"2022-05-22 15:08:06.566","/master/welcome",579
"2022-05-22 15:08:07.815","/patron/patronage/list-mine",562
"2022-05-22 15:08:08.97","/patron/patronage/create",564
"2022-05-22 15:08:11.695","/patron/patronage/list-mine",578
"2022-05-22 15:08:12.433","/patron/patronage/list-mine",573
"2022-05-22 15:08:14.728","/patron/patronage/show",567
"2022-05-22 15:08:17.373","/master/welcome",551
"2022-05-22 15:08:17.922","/master/welcome",520
"2022-05-22 15:08:18.557","/master/sign-in",573
"2022-05-22 15:08:20.302","/master/welcome",579
"2022-05-22 15:08:21.554","/patron/patronage/list-mine",566
"2022-05-22 15:08:22.762","/patron/patronage/create",566
"2022-05-22 15:08:24.148","/patron/patronage/create",583
"2022-05-22 15:08:24.734","/master/welcome",531
"2022-05-22 15:08:25.36","/master/welcome",564
"2022-05-22 15:08:27.976","/master/welcome",528
"2022-05-22 15:08:28.539","/master/welcome",531
"2022-05-22 15:08:29.164","/master/sign-in",563
"2022-05-22 15:08:30.909","/master/welcome",573
"2022-05-22 15:08:32.19","/patron/patronage/list-mine",566
"2022-05-22 15:08:33.362","/patron/patronage/create",564
"2022-05-22 15:08:35.497","/patron/patronage/create",556
"2022-05-22 15:08:36.099","/master/welcome",534
"2022-05-22 15:08:36.725","/master/welcome",563
"2022-05-22 15:08:39.153","/master/welcome",346
"2022-05-22 15:08:39.74","/master/welcome",565
"2022-05-22 15:08:40.361","/master/sign-in",561
"2022-05-22 15:08:42.09","/master/welcome",564
"2022-05-22 15:08:42.824","/patron/patronage/list-mine",568
"2022-05-22 15:08:44.013","/patron/patronage/create",559
"2022-05-22 15:08:46.128","/patron/patronage/create",577
"2022-05-22 15:08:46.743","/master/welcome",543
"2022-05-22 15:08:47.367","/master/welcome",562
"2022-05-22 15:08:49.969","/master/welcome",512
"2022-05-22 15:08:50.529","/master/welcome",533
"2022-05-22 15:08:51.172","/master/sign-in",581
"2022-05-22 15:08:52.945","/master/welcome",574
"2022-05-22 15:08:53.67","/patron/patronage/list-mine",564
"2022-05-22 15:08:54.855","/patron/patronage/create",552
"2022-05-22 15:08:56.944","/patron/patronage/create",567
"2022-05-22 15:08:57.582","/master/welcome",575
"2022-05-22 15:08:58.21","/master/welcome",566
"2022-05-22 15:09:00.624","/master/welcome",337
"2022-05-22 15:09:01.171","/master/welcome",511
"2022-05-22 15:09:01.791","/master/sign-in",561
"2022-05-22 15:09:03.521","/master/welcome",565
"2022-05-22 15:09:04.257","/patron/patronage/list-mine",564
"2022-05-22 15:09:05.467","/patron/patronage/create",561
"2022-05-22 15:09:07.554","/patron/patronage/create",560
"2022-05-22 15:09:08.157","/master/welcome",542
"2022-05-22 15:09:08.783","/master/welcome",564
"2022-05-22 15:09:11.395","/master/welcome",532
"2022-05-22 15:09:11.945","/master/welcome",519
"2022-05-22 15:09:12.566","/master/sign-in",565
"2022-05-22 15:09:14.351","/master/welcome",572
"2022-05-22 15:09:15.069","/patron/patronage/list-mine",560
"2022-05-22 15:09:16.291","/patron/patronage/create",571
"2022-05-22 15:09:18.513","/patron/patronage/create",584
"2022-05-22 15:09:19.101","/master/welcome",526
"2022-05-22 15:09:19.726","/master/welcome",563
"2022-05-22 15:09:22.347","/master/welcome",532
"2022-05-22 15:09:22.905","/master/welcome",527
"2022-05-22 15:09:23.53","/master/sign-in",561
"2022-05-22 15:09:25.289","/master/welcome",558
"2022-05-22 15:09:26.018","/patron/patronage/list-mine",561
"2022-05-22 15:09:27.252","/patron/patronage/create",576
"2022-05-22 15:09:29.368","/patron/patronage/create",600
"2022-05-22 15:09:29.98","/master/welcome",550
"2022-05-22 15:09:30.604","/master/welcome",566
"2022-05-22 15:09:33.226","/master/welcome",530
"2022-05-22 15:09:33.785","/master/welcome",531
"2022-05-22 15:09:34.411","/master/sign-in",564
"2022-05-22 15:09:36.197","/master/welcome",568
"2022-05-22 15:09:37.454","/patron/patronage/list-mine",569
"2022-05-22 15:09:38.623","/patron/patronage/create",561
"2022-05-22 15:09:40.756","/patron/patronage/create",573
"2022-05-22 15:09:41.393","/master/welcome",578
"2022-05-22 15:09:42.015","/master/welcome",562
"2022-05-22 15:09:44.648","/master/welcome",551
"2022-05-22 15:09:45.209","/master/welcome",535
"2022-05-22 15:09:45.834","/master/sign-in",564
"2022-05-22 15:09:47.593","/master/welcome",571
"2022-05-22 15:09:48.329","/patron/patronage/list-mine",570
"2022-05-22 15:09:49.519","/patron/patronage/create",559
"2022-05-22 15:09:51.646","/patron/patronage/create",571
"2022-05-22 15:09:52.255","/master/welcome",548
"2022-05-22 15:09:52.875","/master/welcome",556
"2022-05-22 15:09:55.531","/master/welcome",563
"2022-05-22 15:09:56.093","/master/welcome",532
"2022-05-22 15:09:56.71","/master/sign-in",562
"2022-05-22 15:09:58.462","/master/welcome",577
"2022-05-22 15:09:59.711","/patron/patronage/list-mine",567
"2022-05-22 15:10:00.883","/patron/patronage/create",571
"2022-05-22 15:10:02.999","/patron/patronage/create",581
"2022-05-22 15:10:03.589","/master/welcome",533
"2022-05-22 15:10:04.206","/master/welcome",557
"2022-05-22 15:10:06.818","/master/welcome",526
"2022-05-22 15:10:07.152","/master/welcome",304
"2022-05-22 15:10:07.758","/master/sign-in",550
"2022-05-22 15:10:09.547","/master/welcome",575
"2022-05-22 15:10:10.273","/patron/patronage/list-mine",568
"2022-05-22 15:10:11.474","/patron/patronage/create",579
"2022-05-22 15:10:13.584","/patron/patronage/create",567
"2022-05-22 15:10:14.177","/master/welcome",531
"2022-05-22 15:10:14.799","/master/welcome",560
"2022-05-22 15:10:17.428","/master/welcome",547
"2022-05-22 15:10:17.972","/master/welcome",515
"2022-05-22 15:10:18.597","/master/sign-in",565
"2022-05-22 15:10:20.375","/master/welcome",574
"2022-05-22 15:10:21.655","/patron/patronage/list-mine",567
"2022-05-22 15:10:22.821","/patron/patronage/create",571
"2022-05-22 15:10:24.92","/patron/patronage/create",584
"2022-05-22 15:10:25.304","/master/welcome",311
"2022-05-22 15:10:25.937","/master/welcome",562
"2022-05-22 15:10:28.558","/master/welcome",543
"2022-05-22 15:10:29.136","/master/welcome",547
"2022-05-22 15:10:29.762","/master/sign-in",565
"2022-05-22 15:10:31.513","/master/welcome",573
"2022-05-22 15:10:32.249","/patron/patronage/list-mine",565
"2022-05-22 15:10:33.459","/patron/patronage/create",572
"2022-05-22 15:10:35.593","/patron/patronage/create",586
"2022-05-22 15:10:36.207","/master/welcome",544
"2022-05-22 15:10:36.832","/master/welcome",565
"2022-05-22 15:10:39.516","/master/welcome",592
"2022-05-22 15:10:40.078","/master/welcome",528
"2022-05-22 15:10:41.237","/master/sign-in",563
"2022-05-22 15:10:42.543","/master/welcome",571
"2022-05-22 15:10:43.27","/patron/patronage/list-mine",566
"2022-05-22 15:10:44.488","/patron/patronage/create",569
"2022-05-22 15:10:46.607","/patron/patronage/create",566
"2022-05-22 15:10:47.215","/master/welcome",546
"2022-05-22 15:10:47.84","/master/welcome",563
"2022-05-22 15:10:50.218","/master/welcome",294
"2022-05-22 15:10:50.793","/master/welcome",548
"2022-05-22 15:10:51.418","/master/sign-in",566
"2022-05-22 15:10:53.167","/master/welcome",571
"2022-05-22 15:10:54.412","/patron/patronage/list-mine",569
"2022-05-22 15:10:55.593","/patron/patronage/create",566
"2022-05-22 15:10:57.729","/patron/patronage/create",569
"2022-05-22 15:10:58.378","/master/welcome",580
"2022-05-22 15:10:58.987","/master/welcome",551
"2022-05-22 15:11:01.61","/master/welcome",542
"2022-05-22 15:11:02.155","/master/welcome",514
"2022-05-22 15:11:02.78","/master/sign-in",572
"2022-05-22 15:11:04.521","/master/welcome",551
"2022-05-22 15:11:05.764","/patron/patronage/list-mine",563
"2022-05-22 15:11:06.938","/patron/patronage/create",561
"2022-05-22 15:11:09.095","/patron/patronage/create",565
"2022-05-22 15:11:09.714","/master/welcome",550
"2022-05-22 15:11:10.335","/master/welcome",562
"2022-05-22 15:11:12.954","/master/welcome",533
"2022-05-22 15:11:13.502","/master/welcome",516
"2022-05-22 15:11:14.122","/master/sign-in",562
"2022-05-22 15:11:15.864","/master/welcome",592
"2022-05-22 15:11:17.113","/patron/patronage/list-mine",550
"2022-05-22 15:11:18.296","/patron/patronage/create",585
"2022-05-22 15:11:20.469","/patron/patronage/create",579
"2022-05-22 15:11:21.087","/master/welcome",548
"2022-05-22 15:11:21.708","/master/welcome",561
"2022-05-22 15:11:24.322","/master/welcome",525
"2022-05-22 15:11:24.869","/master/welcome",515
"2022-05-22 15:11:25.495","/master/sign-in",564
"2022-05-22 15:11:27.255","/master/welcome",571
"2022-05-22 15:11:28.515","/patron/patronage/list-mine",574
"2022-05-22 15:11:29.674","/patron/patronage/create",562
"2022-05-22 15:11:31.79","/patron/patronage/create",564
"2022-05-22 15:11:32.423","/master/welcome",565
"2022-05-22 15:11:33.046","/master/welcome",561
"2022-05-22 15:11:35.658","/master/welcome",533
"2022-05-22 15:11:36.21","/master/welcome",514
"2022-05-22 15:11:36.873","/master/sign-in",598
"2022-05-22 15:11:38.643","/master/welcome",577
"2022-05-22 15:11:39.903","/patron/patronage/list-mine",565
"2022-05-22 15:11:41.092","/patron/patronage/create",563
"2022-05-22 15:11:43.23","/patron/patronage/create",583
"2022-05-22 15:11:43.859","/master/welcome",557
"2022-05-22 15:11:44.484","/master/welcome",562
"2022-05-22 15:11:47.102","/master/welcome",531
"2022-05-22 15:11:47.646","/master/welcome",516
"2022-05-22 15:11:48.27","/master/sign-in",563
"2022-05-22 15:11:50.018","/master/welcome",567
"2022-05-22 15:11:51.273","/patron/patronage/list-mine",570
"2022-05-22 15:11:52.437","/patron/patronage/create",565
"2022-05-22 15:11:54.627","/patron/patronage/create",567
"2022-05-22 15:11:55.228","/master/welcome",529
"2022-05-22 15:11:55.85","/master/welcome",561
"2022-05-22 15:11:58.249","/master/welcome",319
"2022-05-22 15:11:58.827","/master/welcome",548
"2022-05-22 15:11:59.451","/master/sign-in",567
"2022-05-22 15:12:01.199","/master/welcome",573
"2022-05-22 15:12:02.476","/patron/patronage/list-mine",554
"2022-05-22 15:12:03.644","/patron/patronage/create",556
"2022-05-22 15:12:05.727","/patron/patronage/create",555
"2022-05-22 15:12:06.345","/master/welcome",557
"2022-05-22 15:12:06.968","/master/welcome",562
"2022-05-22 15:12:09.604","/master/welcome",539
"2022-05-22 15:12:10.199","/patron/patronage/create",562
"2022-05-22 15:12:10.774","/master/welcome",524
"2022-05-22 15:12:11.4","/master/sign-in",564
"2022-05-22 15:12:13.142","/master/welcome",558
"2022-05-22 15:12:13.861","/patron/patronage/create",658
"2022-05-22 15:12:14.483","/master/welcome",577
"2022-05-22 15:12:15.116","/master/welcome",567
"2022-05-22 15:12:17.708","/master/welcome",517
"2022-05-22 15:12:18.33","/master/sign-in",566
"2022-05-22 15:12:20.102","/master/welcome",572
"2022-05-22 15:12:20.714","/patron/patronage/create",549
"2022-05-22 15:12:21.294","/master/welcome",532
"2022-05-22 15:12:21.918","/master/welcome",566
"2022-05-22 15:12:25.821","/master/welcome",513
"2022-05-22 15:12:26.404","/master/welcome",543
"2022-05-22 15:12:27.026","/master/sign-in",559
"2022-05-22 15:12:28.768","/master/welcome",573
"2022-05-22 15:12:30.032","/patron/patronage/list-mine",576
"2022-05-22 15:12:31.522","/master/welcome",563
"2022-05-22 15:12:32.148","/master/welcome",563
"2022-05-22 15:12:34.776","/master/welcome",529
"2022-05-22 15:12:35.329","/master/welcome",523
"2022-05-22 15:12:35.951","/master/sign-in",567
"2022-05-22 15:12:37.695","/master/welcome",572
"2022-05-22 15:12:38.422","/patron/patronage/list-mine",564
"2022-05-22 15:12:39.932","/master/welcome",527
"2022-05-22 15:12:40.556","/master/welcome",564
"2022-05-22 15:12:43.169","/master/welcome",528
"2022-05-22 15:12:43.774","/patron/patronage/list-mine",575
"2022-05-22 15:12:44.343","/master/welcome",518
"2022-05-22 15:12:44.959","/master/sign-in",562
"2022-05-22 15:12:46.724","/master/welcome",560
"2022-05-22 15:12:47.416","/patron/patronage/list-mine",622
"2022-05-22 15:12:48.081","/master/welcome",606
"2022-05-22 15:12:48.71","/master/welcome",563
"2022-05-22 15:12:51.281","/master/welcome",501
"2022-05-22 15:12:52.44","/master/sign-in",572
"2022-05-22 15:12:53.759","/master/welcome",568
"2022-05-22 15:12:54.392","/patron/patronage/list-mine",577
"2022-05-22 15:12:54.997","/master/welcome",559
"2022-05-22 15:12:55.621","/master/welcome",564
"2022-05-22 15:12:59.575","/master/welcome",537
"2022-05-22 15:13:00.133","/master/welcome",526
"2022-05-22 15:13:00.757","/master/sign-in",562
"2022-05-22 15:13:02.507","/master/welcome",552
"2022-05-22 15:13:03.753","/patron/patronage/list-mine",562
"2022-05-22 15:13:05.126","/patron/patronage/show",570
"2022-05-22 15:13:06.852","/patron/patronage/publish",586
"2022-05-22 15:13:07.485","/master/welcome",562
"2022-05-22 15:13:08.108","/master/welcome",563
"2022-05-22 15:13:10.784","/master/welcome",593
"2022-05-22 15:13:11.334","/master/welcome",518
"2022-05-22 15:13:11.954","/master/sign-in",561
"2022-05-22 15:13:14.244","/master/welcome",573
"2022-05-22 15:13:14.993","/patron/patronage/list-mine",569
"2022-05-22 15:13:16.404","/patron/patronage/show",559
"2022-05-22 15:13:18.287","/patron/patronage/publish",564
"2022-05-22 15:13:18.946","/master/welcome",594
"2022-05-22 15:13:19.569","/master/welcome",561
"2022-05-22 15:13:22.183","/master/welcome",534
"2022-05-22 15:13:22.745","/master/welcome",534
"2022-05-22 15:13:23.372","/master/sign-in",566
"2022-05-22 15:13:25.14","/master/welcome",567
"2022-05-22 15:13:26.399","/patron/patronage/list-mine",568
"2022-05-22 15:13:27.764","/patron/patronage/show",553
"2022-05-22 15:13:29.727","/patron/patronage/publish",572
"2022-05-22 15:13:30.332","/master/welcome",546
"2022-05-22 15:13:30.953","/master/welcome",561
"2022-05-22 15:13:33.619","/master/welcome",576
"2022-05-22 15:13:34.179","/master/welcome",531
"2022-05-22 15:13:34.801","/master/sign-in",562
"2022-05-22 15:13:36.543","/master/welcome",577
"2022-05-22 15:13:37.785","/patron/patronage/list-mine",563
"2022-05-22 15:13:39.156","/patron/patronage/show",551
"2022-05-22 15:13:41.009","/patron/patronage/publish",570
"2022-05-22 15:13:41.625","/master/welcome",549
"2022-05-22 15:13:42.793","/master/welcome",559
"2022-05-22 15:13:45.439","/master/welcome",564
"2022-05-22 15:13:46.002","/master/welcome",533
"2022-05-22 15:13:46.624","/master/sign-in",563
"2022-05-22 15:13:48.382","/master/welcome",559
"2022-05-22 15:13:49.641","/patron/patronage/list-mine",567
"2022-05-22 15:13:51.019","/patron/patronage/show",564
"2022-05-22 15:13:52.868","/patron/patronage/publish",585
"2022-05-22 15:13:53.497","/master/welcome",561
"2022-05-22 15:13:54.122","/master/welcome",563
"2022-05-22 15:13:56.738","/master/welcome",529
"2022-05-22 15:13:57.316","/master/welcome",548
"2022-05-22 15:13:57.943","/master/sign-in",566
"2022-05-22 15:13:59.685","/master/welcome",558
"2022-05-22 15:14:00.964","/patron/patronage/list-mine",583
"2022-05-22 15:14:02.34","/patron/patronage/show",571
"2022-05-22 15:14:04.222","/patron/patronage/publish",599
"2022-05-22 15:14:04.838","/master/welcome",546
"2022-05-22 15:14:05.459","/master/welcome",562
"2022-05-22 15:14:08.052","/master/welcome",518
"2022-05-22 15:14:08.596","/master/welcome",512
"2022-05-22 15:14:09.223","/master/sign-in",565
"2022-05-22 15:14:10.979","/master/welcome",576
"2022-05-22 15:14:12.235","/patron/patronage/list-mine",568
"2022-05-22 15:14:13.633","/patron/patronage/show",568
"2022-05-22 15:14:15.479","/patron/patronage/publish",563
"2022-05-22 15:14:16.102","/master/welcome",566
"2022-05-22 15:14:16.726","/master/welcome",566
"2022-05-22 15:14:19.364","/master/welcome",563
"2022-05-22 15:14:19.915","/master/welcome",515
"2022-05-22 15:14:20.536","/master/sign-in",567
"2022-05-22 15:14:22.296","/master/welcome",562
"2022-05-22 15:14:23.553","/patron/patronage/list-mine",571
"2022-05-22 15:14:24.995","/patron/patronage/show",561
"2022-05-22 15:14:26.822","/patron/patronage/publish",569
"2022-05-22 15:14:27.47","/master/welcome",589
"2022-05-22 15:14:28.094","/master/welcome",564
"2022-05-22 15:14:30.522","/master/welcome",319
"2022-05-22 15:14:30.887","/master/welcome",320
"2022-05-22 15:14:31.534","/master/sign-in",572
"2022-05-22 15:14:32.764","/master/welcome",573
"2022-05-22 15:14:33.483","/patron/patronage/list-mine",563
"2022-05-22 15:14:34.332","/patron/patronage/show",566
"2022-05-22 15:14:35.639","/patron/patronage/publish",566
"2022-05-22 15:14:36.036","/master/welcome",326
"2022-05-22 15:14:36.672","/master/welcome",573
"2022-05-22 15:14:39.104","/master/welcome",346
"2022-05-22 15:14:39.484","/master/welcome",347
"2022-05-22 15:14:40.11","/master/sign-in",568
"2022-05-22 15:14:41.348","/master/welcome",577
"2022-05-22 15:14:42.073","/patron/patronage/list-mine",562
"2022-05-22 15:14:42.955","/patron/patronage/show",566
"2022-05-22 15:14:44.32","/patron/patronage/publish",578
"2022-05-22 15:14:44.682","/master/welcome",300
"2022-05-22 15:14:45.305","/master/welcome",559
"2022-05-22 15:14:47.678","/master/welcome",284
"2022-05-22 15:14:47.991","/master/welcome",283
"2022-05-22 15:14:48.622","/master/sign-in",566
"2022-05-22 15:14:49.876","/master/welcome",578
"2022-05-22 15:14:50.591","/patron/patronage/list-mine",565
"2022-05-22 15:14:51.442","/patron/patronage/show",568
"2022-05-22 15:14:52.824","/patron/patronage/publish",565
"2022-05-22 15:14:53.207","/master/welcome",308
"2022-05-22 15:14:53.84","/master/welcome",564
"2022-05-22 15:14:56.223","/master/welcome",276
"2022-05-22 15:14:56.557","/master/welcome",304
"2022-05-22 15:14:57.18","/master/sign-in",559
"2022-05-22 15:14:58.419","/master/welcome",569
"2022-05-22 15:14:59.143","/patron/patronage/list-mine",562
"2022-05-22 15:14:59.994","/patron/patronage/show",555
"2022-05-22 15:15:01.304","/patron/patronage/publish",571
"2022-05-22 15:15:01.657","/master/welcome",299
"2022-05-22 15:15:02.299","/master/welcome",585
"2022-05-22 15:15:04.661","/master/welcome",286
"2022-05-22 15:15:04.981","/master/welcome",281
"2022-05-22 15:15:05.618","/master/sign-in",573
"2022-05-22 15:15:06.853","/master/welcome",567
"2022-05-22 15:15:07.588","/patron/patronage/list-mine",568
"2022-05-22 15:15:08.461","/patron/patronage/show",569
"2022-05-22 15:15:09.802","/patron/patronage/publish",573
"2022-05-22 15:15:10.16","/master/welcome",307
"2022-05-22 15:15:10.781","/master/welcome",559
"2022-05-22 15:15:13.16","/master/welcome",299
"2022-05-22 15:15:13.487","/master/welcome",288
"2022-05-22 15:15:14.117","/master/sign-in",564
"2022-05-22 15:15:15.365","/master/welcome",573
"2022-05-22 15:15:16.085","/patron/patronage/list-mine",571
"2022-05-22 15:15:17.014","/patron/patronage/show",566
"2022-05-22 15:15:18.333","/patron/patronage/publish",569
"2022-05-22 15:15:18.716","/master/welcome",318
"2022-05-22 15:15:19.357","/master/welcome",577
"2022-05-22 15:15:21.748","/master/welcome",297
"2022-05-22 15:15:22.046","/master/welcome",269
"2022-05-22 15:15:22.689","/master/sign-in",573
"2022-05-22 15:15:23.966","/master/welcome",580
"2022-05-22 15:15:24.705","/patron/patronage/list-mine",576
"2022-05-22 15:15:25.54","/patron/patronage/show",555
"2022-05-22 15:15:26.882","/patron/patronage/publish",571
"2022-05-22 15:15:27.236","/master/welcome",307
"2022-05-22 15:15:27.859","/master/welcome",567
"2022-05-22 15:15:30.24","/master/welcome",287
"2022-05-22 15:15:30.587","/master/welcome",300
"2022-05-22 15:15:31.218","/master/sign-in",561
"2022-05-22 15:15:32.45","/master/welcome",568
"2022-05-22 15:15:33.18","/patron/patronage/list-mine",563
"2022-05-22 15:15:34.056","/patron/patronage/show",566
"2022-05-22 15:15:35.402","/patron/patronage/publish",557
"2022-05-22 15:15:35.785","/master/welcome",309
"2022-05-22 15:15:36.407","/master/welcome",560
"2022-05-22 15:15:38.764","/master/welcome",273
"2022-05-22 15:15:39.051","/master/welcome",260
"2022-05-22 15:15:39.693","/master/sign-in",576
"2022-05-22 15:15:40.927","/master/welcome",575
"2022-05-22 15:15:41.655","/patron/patronage/list-mine",571
"2022-05-22 15:15:42.528","/patron/patronage/show",564
"2022-05-22 15:15:44.372","/patron/patronage/list-mine",553
"2022-05-22 15:15:45.068","/patron/patronage/list-mine",550
"2022-05-22 15:15:46.567","/patron/patronage/show",568
"2022-05-22 15:15:47.189","/master/welcome",283
"2022-05-22 15:15:47.821","/master/welcome",571
"2022-05-22 15:15:50.186","/master/welcome",265
"2022-05-22 15:15:50.816","/master/sign-in",567
"2022-05-22 15:15:52.095","/master/welcome",566
"2022-05-22 15:15:53.887","/administrator/populate-sample",1615
"2022-05-22 15:15:54.255","/master/welcome",332
"2022-05-22 15:15:54.893","/master/welcome",567
"2022-05-22 15:15:57.253","/master/welcome",272
"2022-05-22 15:15:57.551","/master/welcome",267
"2022-05-22 15:15:58.187","/master/sign-in",567
"2022-05-22 15:15:59.418","/master/welcome",580
"2022-05-22 15:16:00.119","/patron/patronage/list-mine",550
"2022-05-22 15:16:00.945","/patron/patronage/show",550
"2022-05-22 15:16:02.383","/patron/patronage/list-mine",584
"2022-05-22 15:16:03.127","/patron/patronage/list-mine",562
"2022-05-22 15:16:04.702","/patron/patronage/show",556
"2022-05-22 15:16:05.326","/master/welcome",267
"2022-05-22 15:16:05.947","/master/welcome",563
"2022-05-22 15:16:08.277","/master/welcome",260
"2022-05-22 15:16:08.905","/master/sign-in",564
"2022-05-22 15:16:10.247","/master/welcome",572
"2022-05-22 15:16:12.068","/administrator/populate-sample",1657
"2022-05-22 15:16:12.422","/master/welcome",322
"2022-05-22 15:16:13.045","/master/welcome",568
"2022-05-22 15:16:15.42","/master/welcome",288
"2022-05-22 15:16:15.765","/master/welcome",296
"2022-05-22 15:16:16.389","/master/sign-in",559
"2022-05-22 15:16:17.66","/master/welcome",584
"2022-05-22 15:16:18.391","/patron/patronage/list-mine",567
"2022-05-22 15:16:19.264","/patron/patronage/show",568
"2022-05-22 15:16:21.115","/patron/patronage/list-mine",577
"2022-05-22 15:16:21.825","/patron/patronage/list-mine",563
"2022-05-22 15:16:23.325","/patron/patronage/show",562
"2022-05-22 15:16:23.95","/master/welcome",284
"2022-05-22 15:16:24.579","/master/welcome",572
"2022-05-22 15:16:26.928","/master/welcome",283
"2022-05-22 15:16:27.554","/master/sign-in",565
"2022-05-22 15:16:28.787","/master/welcome",564
"2022-05-22 15:16:30.566","/administrator/populate-sample",1627
"2022-05-22 15:16:30.924","/master/welcome",329
"2022-05-22 15:16:31.554","/master/welcome",567
"2022-05-22 15:16:35.318","/master/welcome",298
"2022-05-22 15:16:35.617","/master/welcome",272
"2022-05-22 15:16:36.245","/master/sign-in",570
"2022-05-22 15:16:37.524","/master/welcome",560
"2022-05-22 15:16:38.257","/patron/patronage/list-mine",572
"2022-05-22 15:16:39.133","/patron/patronage/show",572
"2022-05-22 15:16:40.329","/patron/patronage/update",569
"2022-05-22 15:16:40.698","/master/welcome",297
"2022-05-22 15:16:41.324","/master/welcome",566
"2022-05-22 15:16:43.743","/master/welcome",340
"2022-05-22 15:16:44.064","/master/welcome",276
"2022-05-22 15:16:44.699","/master/sign-in",570
"2022-05-22 15:16:45.969","/master/welcome",581
"2022-05-22 15:16:46.684","/patron/patronage/list-mine",559
"2022-05-22 15:16:47.563","/patron/patronage/show",583
"2022-05-22 15:16:48.878","/patron/patronage/update",560
"2022-05-22 15:16:49.261","/master/welcome",312
"2022-05-22 15:16:49.892","/master/welcome",564
"2022-05-22 15:16:52.298","/master/welcome",321
"2022-05-22 15:16:52.594","/master/welcome",257
"2022-05-22 15:16:53.225","/master/sign-in",568
"2022-05-22 15:16:54.519","/master/welcome",582
"2022-05-22 15:16:55.231","/patron/patronage/list-mine",564
"2022-05-22 15:16:56.075","/patron/patronage/show",560
"2022-05-22 15:16:57.538","/patron/patronage/update",572
"2022-05-22 15:16:57.888","/master/welcome",295
"2022-05-22 15:16:58.529","/master/welcome",567
"2022-05-22 15:17:00.9","/master/welcome",285
"2022-05-22 15:17:01.218","/master/welcome",282
"2022-05-22 15:17:01.839","/master/sign-in",561
"2022-05-22 15:17:03.091","/master/welcome",582
"2022-05-22 15:17:03.822","/patron/patronage/list-mine",563
"2022-05-22 15:17:04.68","/patron/patronage/show",568
"2022-05-22 15:17:06.027","/patron/patronage/update",583
"2022-05-22 15:17:06.392","/master/welcome",295
"2022-05-22 15:17:07.015","/master/welcome",568
"2022-05-22 15:17:09.382","/master/welcome",292
"2022-05-22 15:17:09.689","/master/welcome",263
"2022-05-22 15:17:10.308","/master/sign-in",550
"2022-05-22 15:17:11.577","/master/welcome",563
"2022-05-22 15:17:12.318","/patron/patronage/list-mine",561
"2022-05-22 15:17:13.158","/patron/patronage/show",564
"2022-05-22 15:17:14.487","/patron/patronage/update",577
"2022-05-22 15:17:14.854","/master/welcome",298
"2022-05-22 15:17:15.481","/master/welcome",564
"2022-05-22 15:17:17.865","/master/welcome",299
"2022-05-22 15:17:18.154","/master/welcome",264
"2022-05-22 15:17:18.789","/master/sign-in",569
"2022-05-22 15:17:20.015","/master/welcome",563
"2022-05-22 15:17:20.75","/patron/patronage/list-mine",567
"2022-05-22 15:17:21.61","/patron/patronage/show",569
"2022-05-22 15:17:22.953","/patron/patronage/update",588
"2022-05-22 15:17:23.302","/master/welcome",281
"2022-05-22 15:17:23.939","/master/welcome",570
"2022-05-22 15:17:26.377","/master/welcome",346
"2022-05-22 15:17:26.727","/master/welcome",319
"2022-05-22 15:17:27.346","/master/sign-in",561
"2022-05-22 15:17:28.594","/master/welcome",561
"2022-05-22 15:17:29.311","/patron/patronage/list-mine",561
"2022-05-22 15:17:30.179","/patron/patronage/show",566
"2022-05-22 15:17:31.606","/patron/patronage/update",566
"2022-05-22 15:17:31.957","/master/welcome",283
"2022-05-22 15:17:32.583","/master/welcome",563
"2022-05-22 15:17:34.956","/master/welcome",296
"2022-05-22 15:17:35.256","/master/welcome",268
"2022-05-22 15:17:35.879","/master/sign-in",563
"2022-05-22 15:17:37.138","/master/welcome",583
"2022-05-22 15:17:37.864","/patron/patronage/list-mine",567
"2022-05-22 15:17:38.716","/patron/patronage/show",572
"2022-05-22 15:17:40.023","/patron/patronage/update",573
"2022-05-22 15:17:40.373","/master/welcome",304
"2022-05-22 15:17:41.003","/master/welcome",571
"2022-05-22 15:17:43.383","/master/welcome",282
"2022-05-22 15:17:43.727","/master/welcome",295
"2022-05-22 15:17:44.34","/master/sign-in",549
"2022-05-22 15:17:45.589","/master/welcome",579
"2022-05-22 15:17:46.305","/patron/patronage/list-mine",553
"2022-05-22 15:17:47.178","/patron/patronage/show",567
"2022-05-22 15:17:48.512","/patron/patronage/update",567
"2022-05-22 15:17:48.862","/master/welcome",284
"2022-05-22 15:17:49.49","/master/welcome",563
"2022-05-22 15:17:51.872","/master/welcome",283
"2022-05-22 15:17:52.17","/master/welcome",268
"2022-05-22 15:17:52.803","/master/sign-in",571
"2022-05-22 15:17:54.048","/master/welcome",582
"2022-05-22 15:17:54.774","/patron/patronage/list-mine",563
"2022-05-22 15:17:55.63","/patron/patronage/show",567
"2022-05-22 15:17:57.026","/patron/patronage/update",567
"2022-05-22 15:17:57.388","/master/welcome",284
"2022-05-22 15:17:58.031","/master/welcome",569
"2022-05-22 15:18:00.444","/master/welcome",319
"2022-05-22 15:18:00.736","/master/welcome",267
"2022-05-22 15:18:01.362","/master/sign-in",564
"2022-05-22 15:18:02.631","/master/welcome",578
"2022-05-22 15:18:03.38","/patron/patronage/list-mine",568
"2022-05-22 15:18:04.228","/patron/patronage/show",561
"2022-05-22 15:18:05.58","/patron/patronage/update",578
"2022-05-22 15:18:05.93","/master/welcome",286
"2022-05-22 15:18:06.568","/master/welcome",573
"2022-05-22 15:18:08.938","/master/welcome",288
"2022-05-22 15:18:09.239","/master/welcome",273
"2022-05-22 15:18:09.859","/master/sign-in",564
"2022-05-22 15:18:11.138","/master/welcome",563
"2022-05-22 15:18:11.865","/patron/patronage/list-mine",566
"2022-05-22 15:18:12.719","/patron/patronage/show",570
"2022-05-22 15:18:14.073","/patron/patronage/update",565
"2022-05-22 15:18:14.472","/master/welcome",341
"2022-05-22 15:18:15.096","/master/welcome",560
"2022-05-22 15:18:17.467","/master/welcome",281
"2022-05-22 15:18:17.753","/master/welcome",253
"2022-05-22 15:18:18.377","/master/sign-in",563
"2022-05-22 15:18:19.62","/master/welcome",577
"2022-05-22 15:18:20.354","/patron/patronage/list-mine",569
"2022-05-22 15:18:21.209","/patron/patronage/show",568
"2022-05-22 15:18:22.524","/patron/patronage/update",562
"2022-05-22 15:18:22.899","/master/welcome",316
"2022-05-22 15:18:23.53","/master/welcome",566
"2022-05-22 15:18:25.935","/master/welcome",307
"2022-05-22 15:18:26.23","/master/welcome",272
"2022-05-22 15:18:26.87","/master/sign-in",575
"2022-05-22 15:18:28.11","/master/welcome",570
"2022-05-22 15:18:28.832","/patron/patronage/list-mine",561
"2022-05-22 15:18:29.682","/patron/patronage/show",569
"2022-05-22 15:18:31.023","/patron/patronage/update",557
"2022-05-22 15:18:31.374","/master/welcome",278
"2022-05-22 15:18:31.992","/master/welcome",557
"2022-05-22 15:18:34.374","/master/welcome",298
"2022-05-22 15:18:34.688","/master/welcome",282
"2022-05-22 15:18:35.322","/master/sign-in",563
"2022-05-22 15:18:36.57","/master/welcome",570
"2022-05-22 15:18:37.303","/patron/patronage/list-mine",568
"2022-05-22 15:18:38.128","/patron/patronage/show",553
"2022-05-22 15:18:39.547","/patron/patronage/update",582
"2022-05-22 15:18:39.948","/master/welcome",333
"2022-05-22 15:18:40.59","/master/welcome",575
"2022-05-22 15:18:42.962","/master/welcome",287
"2022-05-22 15:18:43.266","/master/welcome",278
"2022-05-22 15:18:43.896","/master/sign-in",570
"2022-05-22 15:18:45.148","/master/welcome",567
"2022-05-22 15:18:45.85","/patron/patronage/list-mine",551
"2022-05-22 15:18:46.684","/patron/patronage/show",560
"2022-05-22 15:18:48.187","/patron/patronage/update",576
"2022-05-22 15:18:48.524","/master/welcome",284
"2022-05-22 15:18:49.158","/master/welcome",567
"2022-05-22 15:18:51.536","/master/welcome",289
"2022-05-22 15:18:51.821","/master/welcome",257
"2022-05-22 15:18:52.457","/master/sign-in",579
"2022-05-22 15:18:53.69","/master/welcome",566
"2022-05-22 15:18:54.415","/patron/patronage/list-mine",566
"2022-05-22 15:18:55.272","/patron/patronage/show",567
"2022-05-22 15:18:57.213","/patron/patronage/list-mine",621
"2022-05-22 15:18:57.915","/patron/patronage/list-mine",564
"2022-05-22 15:18:59.192","/patron/patronage/show",551
"2022-05-22 15:18:59.852","/master/welcome",316
"2022-05-22 15:19:00.479","/master/welcome",565
"2022-05-22 15:19:02.883","/master/welcome",312
"2022-05-22 15:19:03.197","/master/welcome",284
"2022-05-22 15:19:03.809","/master/sign-in",550
"2022-05-22 15:19:05.093","/master/welcome",562
"2022-05-22 15:19:05.799","/patron/patronage/list-mine",555
"2022-05-22 15:19:06.639","/patron/patronage/show",556
"2022-05-22 15:19:08.671","/patron/patronage/list-mine",603
"2022-05-22 15:19:09.366","/patron/patronage/list-mine",552
"2022-05-22 15:19:10.641","/patron/patronage/show",552
"2022-05-22 15:19:11.298","/master/welcome",312
"2022-05-22 15:19:11.924","/master/welcome",565
"2022-05-22 15:19:14.343","/master/welcome",327
"2022-05-22 15:19:14.673","/master/welcome",298
"2022-05-22 15:19:15.284","/master/sign-in",551
"2022-05-22 15:19:16.527","/master/welcome",565
"2022-05-22 15:19:17.249","/patron/patronage/list-mine",565
"2022-05-22 15:19:18.1","/patron/patronage/show",566
"2022-05-22 15:19:19.986","/patron/patronage/list-mine",596
"2022-05-22 15:19:20.696","/patron/patronage/list-mine",567
"2022-05-22 15:19:21.978","/patron/patronage/show",552
"2022-05-22 15:19:22.625","/master/welcome",301
"2022-05-22 15:19:23.243","/master/welcome",560
"2022-05-22 15:19:26.897","/master/welcome",313
"2022-05-22 15:19:27.213","/master/welcome",282
"2022-05-22 15:19:27.841","/master/sign-in",566
"2022-05-22 15:19:29.121","/master/welcome",570
"2022-05-22 15:19:30.411","/inventor/item/list",582
"2022-05-22 15:19:32.229","/inventor/item/show",1074
"2022-05-22 15:19:33.876","/inventor/item/list",564
"2022-05-22 15:19:36.257","/master/welcome",316
"2022-05-22 15:19:36.882","/master/welcome",564
"2022-05-22 15:19:39.287","/master/welcome",311
"2022-05-22 15:19:39.599","/master/welcome",283
"2022-05-22 15:19:40.204","/master/sign-in",551
"2022-05-22 15:19:41.448","/master/welcome",566
"2022-05-22 15:19:42.16","/inventor/item/list",546
"2022-05-22 15:19:42.849","/master/welcome",284
"2022-05-22 15:19:44.444","/master/welcome",305
"2022-05-22 15:19:44.786","/master/welcome",310
"2022-05-22 15:19:45.401","/master/sign-in",551
"2022-05-22 15:19:46.643","/master/welcome",564
"2022-05-22 15:19:47.488","/inventor/item/list",575
"2022-05-22 15:19:48.851","/inventor/item/show",1095
"2022-05-22 15:19:49.263","/master/welcome",301
"2022-05-22 15:19:49.561","/master/welcome",266
"2022-05-22 15:19:50.175","/master/sign-in",552
"2022-05-22 15:19:51.423","/master/welcome",555
"2022-05-22 15:19:52.241","/inventor/item/list",656
"2022-05-22 15:19:53.057","/inventor/item/show",562
"2022-05-22 15:19:53.49","/master/welcome",329
"2022-05-22 15:19:53.805","/master/welcome",282
"2022-05-22 15:19:54.427","/master/sign-in",563
"2022-05-22 15:19:55.682","/master/welcome",568
"2022-05-22 15:19:56.533","/inventor/item/list",575
"2022-05-22 15:19:57.371","/inventor/item/show",573
"2022-05-22 15:19:57.816","/master/welcome",330
"2022-05-22 15:19:58.141","/master/welcome",297
"2022-05-22 15:19:58.765","/master/sign-in",561
"2022-05-22 15:20:00.013","/master/welcome",553
"2022-05-22 15:20:00.798","/inventor/item/list",625
"2022-05-22 15:20:01.631","/inventor/item/show",574
"2022-05-22 15:20:02.082","/master/welcome",345
"2022-05-22 15:20:02.398","/master/welcome",283
"2022-05-22 15:20:03.009","/master/sign-in",549
"2022-05-22 15:20:04.262","/master/welcome",566
"2022-05-22 15:20:05.032","/inventor/item/list",617
"2022-05-22 15:20:05.862","/inventor/item/show",569
"2022-05-22 15:20:07.597","/master/welcome",343
"2022-05-22 15:20:07.929","/master/welcome",299
"2022-05-22 15:20:08.557","/master/sign-in",567
"2022-05-22 15:20:09.804","/master/welcome",554
"2022-05-22 15:20:10.606","/inventor/item/list",657
"2022-05-22 15:20:11.674","/inventor/item/show",564
"2022-05-22 15:20:14.378","/inventor/item/list",549
"2022-05-22 15:20:15.18","/inventor/item/list",569
"2022-05-22 15:20:16.47","/master/welcome",304
"2022-05-22 15:20:16.803","/master/welcome",300
"2022-05-22 15:20:17.425","/master/sign-in",565
"2022-05-22 15:20:18.653","/master/welcome",550
"2022-05-22 15:20:19.461","/inventor/item/list",563
"2022-05-22 15:20:20.522","/inventor/item/show",563
"2022-05-22 15:20:23.252","/inventor/item/list",579
"2022-05-22 15:20:24.035","/inventor/item/list",559
"2022-05-22 15:20:25.313","/master/welcome",299
"2022-05-22 15:20:25.613","/master/welcome",268
"2022-05-22 15:20:26.234","/master/sign-in",562
"2022-05-22 15:20:27.488","/master/welcome",553
"2022-05-22 15:20:28.279","/inventor/item/list",568
"2022-05-22 15:20:29.358","/inventor/item/show",570
"2022-05-22 15:20:32.098","/inventor/item/list",565
"2022-05-22 15:20:33.312","/inventor/item/list",551
"2022-05-22 15:20:34.621","/master/welcome",329
"2022-05-22 15:20:34.92","/master/welcome",268
"2022-05-22 15:20:35.533","/master/sign-in",555
"2022-05-22 15:20:36.78","/master/welcome",567
"2022-05-22 15:20:37.552","/inventor/item/list",619
"2022-05-22 15:20:38.606","/inventor/item/show",550
"2022-05-22 15:20:41.351","/inventor/item/list",562
"2022-05-22 15:20:42.135","/inventor/item/list",658
"2022-05-22 15:20:43.411","/master/welcome",303
"2022-05-22 15:20:43.71","/master/welcome",270
"2022-05-22 15:20:44.321","/master/sign-in",549
"2022-05-22 15:20:45.615","/master/welcome",562
"2022-05-22 15:20:46.391","/inventor/item/list",617
"2022-05-22 15:20:47.995","/inventor/item/show",565
"2022-05-22 15:20:49.603","/inventor/item/update",570
"2022-05-22 15:20:49.995","/master/welcome",345
"2022-05-22 15:20:50.612","/master/welcome",553
"2022-05-22 15:20:52.992","/master/welcome",297
"2022-05-22 15:20:53.323","/master/welcome",300
"2022-05-22 15:20:53.939","/master/sign-in",554
"2022-05-22 15:20:55.195","/master/welcome",564
"2022-05-22 15:20:55.985","/inventor/item/list",630
"2022-05-22 15:20:57.038","/inventor/item/show",551
"2022-05-22 15:20:58.841","/inventor/item/update",564
"2022-05-22 15:20:59.203","/master/welcome",315
"2022-05-22 15:20:59.83","/master/welcome",565
"2022-05-22 15:21:02.224","/master/welcome",312
"2022-05-22 15:21:02.547","/master/welcome",289
"2022-05-22 15:21:03.156","/master/sign-in",553
"2022-05-22 15:21:04.395","/master/welcome",562
"2022-05-22 15:21:05.193","/inventor/item/list",573
"2022-05-22 15:21:06.263","/inventor/item/show",561
"2022-05-22 15:21:07.997","/inventor/item/update",552
"2022-05-22 15:21:08.363","/master/welcome",318
"2022-05-22 15:21:08.979","/master/welcome",553
"2022-05-22 15:21:11.375","/master/welcome",298
"2022-05-22 15:21:11.692","/master/welcome",283
"2022-05-22 15:21:12.314","/master/sign-in",564
"2022-05-22 15:21:13.57","/master/welcome",568
"2022-05-22 15:21:14.371","/inventor/item/list",641
"2022-05-22 15:21:15.465","/inventor/item/show",564
"2022-05-22 15:21:17.275","/inventor/item/update",565
"2022-05-22 15:21:17.626","/master/welcome",303
"2022-05-22 15:21:18.257","/master/welcome",569
"2022-05-22 15:21:20.665","/master/welcome",316
"2022-05-22 15:21:20.973","/master/welcome",277
"2022-05-22 15:21:21.585","/master/sign-in",552
"2022-05-22 15:21:22.832","/master/welcome",556
"2022-05-22 15:21:23.637","/inventor/item/list",645
"2022-05-22 15:21:24.702","/inventor/item/show",565
"2022-05-22 15:21:26.399","/inventor/item/update",563
"2022-05-22 15:21:26.746","/master/welcome",298
"2022-05-22 15:21:27.357","/master/welcome",556
"2022-05-22 15:21:29.764","/master/welcome",316
"2022-05-22 15:21:30.111","/master/welcome",315
"2022-05-22 15:21:30.739","/master/sign-in",566
"2022-05-22 15:21:31.999","/master/welcome",565
"2022-05-22 15:21:32.805","/inventor/item/list",641
"2022-05-22 15:21:33.868","/inventor/item/show",552
"2022-05-22 15:21:35.541","/inventor/item/update",563
"2022-05-22 15:21:35.906","/master/welcome",315
"2022-05-22 15:21:36.532","/master/welcome",569
"2022-05-22 15:21:38.936","/master/welcome",315
"2022-05-22 15:21:39.269","/master/welcome",298
"2022-05-22 15:21:39.883","/master/sign-in",555
"2022-05-22 15:21:41.123","/master/welcome",566
"2022-05-22 15:21:41.896","/inventor/item/list",617
"2022-05-22 15:21:42.979","/inventor/item/show",568
"2022-05-22 15:21:44.694","/inventor/item/update",578
"2022-05-22 15:21:45.047","/master/welcome",302
"2022-05-22 15:21:45.668","/master/welcome",564
"2022-05-22 15:21:48.062","/master/welcome",301
"2022-05-22 15:21:48.381","/master/welcome",293
"2022-05-22 15:21:49.008","/master/sign-in",563
"2022-05-22 15:21:50.281","/master/welcome",564
"2022-05-22 15:21:51.04","/inventor/item/list",603
"2022-05-22 15:21:52.122","/inventor/item/show",565
"2022-05-22 15:21:53.819","/inventor/item/update",561
"2022-05-22 15:21:54.187","/master/welcome",319
"2022-05-22 15:21:54.814","/master/welcome",566
"2022-05-22 15:21:57.239","/master/welcome",338
"2022-05-22 15:21:57.571","/master/welcome",310
"2022-05-22 15:21:58.201","/master/sign-in",560
"2022-05-22 15:21:59.481","/master/welcome",562
"2022-05-22 15:22:00.266","/inventor/item/list",630
"2022-05-22 15:22:01.352","/inventor/item/show",552
"2022-05-22 15:22:03.121","/inventor/item/update",576
"2022-05-22 15:22:03.5","/master/welcome",331
"2022-05-22 15:22:04.13","/master/welcome",566
"2022-05-22 15:22:06.568","/master/welcome",357
"2022-05-22 15:22:06.897","/master/welcome",298
"2022-05-22 15:22:07.524","/master/sign-in",567
"2022-05-22 15:22:08.762","/master/welcome",564
"2022-05-22 15:22:09.576","/inventor/item/list",589
"2022-05-22 15:22:10.654","/inventor/item/show",561
"2022-05-22 15:22:12.353","/inventor/item/update",549
"2022-05-22 15:22:12.731","/master/welcome",331
"2022-05-22 15:22:13.346","/master/welcome",554
"2022-05-22 15:22:15.747","/master/welcome",320
"2022-05-22 15:22:16.059","/master/welcome",280
"2022-05-22 15:22:16.683","/master/sign-in",561
"2022-05-22 15:22:17.921","/master/welcome",562
"2022-05-22 15:22:18.727","/inventor/item/list",648
"2022-05-22 15:22:19.8","/inventor/item/show",568
"2022-05-22 15:22:21.504","/inventor/item/update",560
"2022-05-22 15:22:21.867","/master/welcome",318
"2022-05-22 15:22:22.492","/master/welcome",561
"2022-05-22 15:22:24.88","/master/welcome",301
"2022-05-22 15:22:26.464","/master/welcome",294
"2022-05-22 15:22:26.797","/master/welcome",300
"2022-05-22 15:22:27.425","/master/sign-in",565
"2022-05-22 15:22:28.678","/master/welcome",564
"2022-05-22 15:22:29.479","/inventor/item/list",642
"2022-05-22 15:22:30.122","/inventor/item/create",565
"2022-05-22 15:22:32.833","/inventor/item/list",553
"2022-05-22 15:22:33.606","/inventor/item/list",649
"2022-05-22 15:22:34.887","/master/welcome",305
"2022-05-22 15:22:35.194","/master/welcome",276
"2022-05-22 15:22:35.809","/master/sign-in",552
"2022-05-22 15:22:37.074","/master/welcome",556
"2022-05-22 15:22:37.871","/inventor/item/list",643
"2022-05-22 15:22:38.515","/inventor/item/create",566
"2022-05-22 15:22:41.26","/inventor/item/list",576
"2022-05-22 15:22:42.053","/inventor/item/list",572
"2022-05-22 15:22:43.338","/master/welcome",318
"2022-05-22 15:22:43.683","/master/welcome",313
"2022-05-22 15:22:44.299","/master/sign-in",554
"2022-05-22 15:22:45.577","/master/welcome",565
"2022-05-22 15:22:46.383","/inventor/item/list",563
"2022-05-22 15:22:47.025","/inventor/item/create",565
"2022-05-22 15:22:49.808","/inventor/item/list",580
"2022-05-22 15:22:50.593","/inventor/item/list",582
"2022-05-22 15:22:51.906","/master/welcome",333
"2022-05-22 15:22:52.216","/master/welcome",284
"2022-05-22 15:22:52.842","/master/sign-in",564
"2022-05-22 15:22:54.12","/master/welcome",569
"2022-05-22 15:22:55.369","/inventor/item/list",565
"2022-05-22 15:22:56.002","/inventor/item/create",555
"2022-05-22 15:22:58.811","/inventor/item/list",577
"2022-05-22 15:23:00.026","/inventor/item/list",566
"2022-05-22 15:23:01.307","/master/welcome",300
"2022-05-22 15:23:01.698","/master/welcome",346
"2022-05-22 15:23:02.312","/master/sign-in",555
"2022-05-22 15:23:03.544","/master/welcome",554
"2022-05-22 15:23:04.777","/inventor/item/list",551
"2022-05-22 15:23:05.411","/inventor/item/create",554
"2022-05-22 15:23:06.998","/inventor/item/create",578
"2022-05-22 15:23:07.38","/master/welcome",334
"2022-05-22 15:23:08.01","/master/welcome",566
"2022-05-22 15:23:10.474","/master/welcome",357
"2022-05-22 15:23:10.811","/master/welcome",303
"2022-05-22 15:23:11.423","/master/sign-in",555
"2022-05-22 15:23:12.671","/master/welcome",555
"2022-05-22 15:23:13.899","/inventor/item/list",553
"2022-05-22 15:23:14.541","/inventor/item/create",564
"2022-05-22 15:23:16.369","/inventor/item/create",581
"2022-05-22 15:23:16.731","/master/welcome",317
"2022-05-22 15:23:17.35","/master/welcome",560
"2022-05-22 15:23:19.751","/master/welcome",314
"2022-05-22 15:23:20.075","/master/welcome",295
"2022-05-22 15:23:20.7","/master/sign-in",565
"2022-05-22 15:23:21.954","/master/welcome",563
"2022-05-22 15:23:22.796","/inventor/item/list",576
"2022-05-22 15:23:23.431","/inventor/item/create",564
"2022-05-22 15:23:25.233","/inventor/item/create",567
"2022-05-22 15:23:25.598","/master/welcome",317
"2022-05-22 15:23:26.219","/master/welcome",563
"2022-05-22 15:23:28.623","/master/welcome",324
"2022-05-22 15:23:28.932","/master/welcome",280
"2022-05-22 15:23:29.556","/master/sign-in",564
"2022-05-22 15:23:30.783","/master/welcome",555
"2022-05-22 15:23:31.507","/inventor/item/list",567
"2022-05-22 15:23:32.229","/inventor/item/create",562
"2022-05-22 15:23:34.12","/inventor/item/create",567
"2022-05-22 15:23:34.485","/master/welcome",312
"2022-05-22 15:23:35.109","/master/welcome",565
"2022-05-22 15:23:37.524","/master/welcome",331
"2022-05-22 15:23:37.84","/master/welcome",285
"2022-05-22 15:23:38.466","/master/sign-in",563
"2022-05-22 15:23:39.719","/master/welcome",570
"2022-05-22 15:23:40.959","/inventor/item/list",550
"2022-05-22 15:23:41.603","/inventor/item/create",552
"2022-05-22 15:23:43.296","/inventor/item/create",555
"2022-05-22 15:23:43.646","/master/welcome",302
"2022-05-22 15:23:44.272","/master/welcome",567
"2022-05-22 15:23:46.648","/master/welcome",286
"2022-05-22 15:23:46.965","/master/welcome",284
"2022-05-22 15:23:47.592","/master/sign-in",565
"2022-05-22 15:23:48.834","/master/welcome",563
"2022-05-22 15:23:50.086","/inventor/item/list",570
"2022-05-22 15:23:50.725","/inventor/item/create",563
"2022-05-22 15:23:52.459","/inventor/item/create",567
"2022-05-22 15:23:52.825","/master/welcome",317
"2022-05-22 15:23:53.446","/master/welcome",563
"2022-05-22 15:23:55.829","/master/welcome",302
"2022-05-22 15:23:56.142","/master/welcome",281
"2022-05-22 15:23:56.769","/master/sign-in",565
"2022-05-22 15:23:58.01","/master/welcome",552
"2022-05-22 15:23:59.261","/inventor/item/list",558
"2022-05-22 15:23:59.888","/inventor/item/create",551
"2022-05-22 15:24:01.615","/inventor/item/create",578
"2022-05-22 15:24:01.958","/master/welcome",304
"2022-05-22 15:24:02.584","/master/welcome",564
"2022-05-22 15:24:04.986","/master/welcome",315
"2022-05-22 15:24:05.317","/master/welcome",299
"2022-05-22 15:24:05.943","/master/sign-in",564
"2022-05-22 15:24:07.227","/master/welcome",566
"2022-05-22 15:24:07.945","/inventor/item/list",565
"2022-05-22 15:24:08.644","/inventor/item/create",561
"2022-05-22 15:24:10.346","/inventor/item/create",575
"2022-05-22 15:24:10.723","/master/welcome",315
"2022-05-22 15:24:11.345","/master/welcome",561
"2022-05-22 15:24:13.735","/master/welcome",306
"2022-05-22 15:24:14.043","/master/welcome",280
"2022-05-22 15:24:14.673","/master/sign-in",568
"2022-05-22 15:24:15.937","/master/welcome",556
"2022-05-22 15:24:17.167","/inventor/item/list",557
"2022-05-22 15:24:17.8","/inventor/item/create",555
"2022-05-22 15:24:19.522","/inventor/item/create",568
"2022-05-22 15:24:19.889","/master/welcome",316
"2022-05-22 15:24:20.515","/master/welcome",566
"2022-05-22 15:24:22.92","/master/welcome",316
"2022-05-22 15:24:23.245","/master/welcome",295
"2022-05-22 15:24:23.86","/master/sign-in",557
"2022-05-22 15:24:25.116","/master/welcome",562
"2022-05-22 15:24:25.928","/inventor/item/list",552
"2022-05-22 15:24:26.577","/inventor/item/create",564
"2022-05-22 15:24:28.293","/inventor/item/create",567
"2022-05-22 15:24:28.668","/master/welcome",330
"2022-05-22 15:24:29.283","/master/welcome",551
"2022-05-22 15:24:31.693","/master/welcome",326
"2022-05-22 15:24:32.007","/master/welcome",288
"2022-05-22 15:24:32.631","/master/sign-in",564
"2022-05-22 15:24:33.877","/master/welcome",551
"2022-05-22 15:24:35.135","/inventor/item/list",570
"2022-05-22 15:24:35.765","/inventor/item/create",552
"2022-05-22 15:24:37.483","/inventor/item/create",553
"2022-05-22 15:24:37.875","/master/welcome",343
"2022-05-22 15:24:38.5","/master/welcome",562
"2022-05-22 15:24:40.874","/master/welcome",285
"2022-05-22 15:24:43.239","/inventor/item/create",302
"2022-05-22 15:24:43.629","/master/welcome",354
"2022-05-22 15:24:44.254","/master/sign-in",565
"2022-05-22 15:24:45.511","/master/welcome",568
"2022-05-22 15:24:45.905","/inventor/item/create",330
"2022-05-22 15:24:46.299","/master/welcome",345
"2022-05-22 15:24:46.924","/master/welcome",567
"2022-05-22 15:24:49.285","/master/welcome",298
"2022-05-22 15:24:49.911","/master/sign-in",555
"2022-05-22 15:24:51.417","/master/welcome",817
"2022-05-22 15:24:51.781","/inventor/item/create",305
"2022-05-22 15:24:52.113","/master/welcome",286
"2022-05-22 15:24:52.723","/master/welcome",551
"2022-05-22 15:24:56.336","/master/welcome",317
"2022-05-22 15:24:56.838","/master/welcome",469
"2022-05-22 15:24:57.464","/master/sign-in",566
"2022-05-22 15:24:58.741","/master/welcome",587
"2022-05-22 15:24:59.505","/inventor/item/list",607
"2022-05-22 15:25:00.753","/master/welcome",300
"2022-05-22 15:25:01.049","/master/welcome",274
"2022-05-22 15:25:01.669","/master/sign-in",555
"2022-05-22 15:25:02.909","/master/welcome",568
"2022-05-22 15:25:03.68","/inventor/item/list",612
"2022-05-22 15:25:04.235","/master/welcome",268
"2022-05-22 15:25:04.532","/master/welcome",271
"2022-05-22 15:25:05.159","/master/sign-in",564
"2022-05-22 15:25:06.407","/master/welcome",569
"2022-05-22 15:25:07.2","/inventor/item/list",638
"2022-05-22 15:25:07.811","/master/welcome",326
"2022-05-22 15:25:08.109","/master/welcome",272
"2022-05-22 15:25:08.739","/master/sign-in",569
"2022-05-22 15:25:09.972","/master/welcome",557
"2022-05-22 15:25:10.769","/inventor/item/list",638
"2022-05-22 15:25:11.304","/master/welcome",260
"2022-05-22 15:25:11.599","/master/welcome",269
"2022-05-22 15:25:12.217","/master/sign-in",554
"2022-05-22 15:25:13.447","/master/welcome",566
"2022-05-22 15:25:14.25","/inventor/item/list",645
"2022-05-22 15:25:16.682","/master/welcome",285
"2022-05-22 15:25:17.022","/master/welcome",311
"2022-05-22 15:25:17.644","/master/sign-in",567
"2022-05-22 15:25:18.881","/master/welcome",555
"2022-05-22 15:25:19.595","/inventor/patronage-report/list-mine",558
"2022-05-22 15:25:20.241","/inventor/patronage-report/create",571
"2022-05-22 15:25:21.658","/inventor/patronage-report/list-mine",584
"2022-05-22 15:25:22.363","/inventor/patronage-report/list-mine",556
"2022-05-22 15:25:23.438","/inventor/patronage-report/show",566
"2022-05-22 15:25:23.993","/master/welcome",302
"2022-05-22 15:25:24.646","/master/welcome",583
"2022-05-22 15:25:27.059","/master/welcome",317
"2022-05-22 15:25:27.374","/master/welcome",291
"2022-05-22 15:25:28.004","/master/sign-in",571
"2022-05-22 15:25:29.258","/master/welcome",586
"2022-05-22 15:25:29.987","/inventor/patronage-report/list-mine",566
"2022-05-22 15:25:30.636","/inventor/patronage-report/create",579
"2022-05-22 15:25:32.647","/inventor/patronage-report/list-mine",588
"2022-05-22 15:25:33.349","/inventor/patronage-report/list-mine",564
"2022-05-22 15:25:34.998","/inventor/patronage-report/show",560
"2022-05-22 15:25:35.836","/master/welcome",623
"2022-05-22 15:25:36.482","/master/welcome",581
"2022-05-22 15:25:39.187","/master/welcome",606
"2022-05-22 15:25:39.749","/master/welcome",530
"2022-05-22 15:25:40.375","/master/sign-in",568
"2022-05-22 15:25:42.158","/master/welcome",584
"2022-05-22 15:25:42.898","/inventor/patronage-report/list-mine",568
"2022-05-22 15:25:44.062","/inventor/patronage-report/create",565
"2022-05-22 15:25:45.936","/inventor/patronage-report/create",583
"2022-05-22 15:25:46.541","/master/welcome",564
"2022-05-22 15:25:47.166","/master/welcome",566
"2022-05-22 15:25:49.783","/master/welcome",534
"2022-05-22 15:25:50.345","/master/welcome",529
"2022-05-22 15:25:51.507","/master/sign-in",570
"2022-05-22 15:25:52.834","/master/welcome",564
"2022-05-22 15:25:53.562","/inventor/patronage-report/list-mine",566
"2022-05-22 15:25:54.768","/inventor/patronage-report/create",576
"2022-05-22 15:25:57.216","/inventor/patronage-report/create",565
"2022-05-22 15:25:57.812","/master/welcome",556
"2022-05-22 15:25:58.446","/master/welcome",568
"2022-05-22 15:26:01.04","/master/welcome",517
"2022-05-22 15:26:01.587","/master/welcome",525
"2022-05-22 15:26:02.214","/master/sign-in",568
"2022-05-22 15:26:03.858","/master/welcome",578
"2022-05-22 15:26:04.59","/inventor/patronage-report/list-mine",561
"2022-05-22 15:26:05.787","/inventor/patronage-report/create",578
"2022-05-22 15:26:07.729","/inventor/patronage-report/create",576
"2022-05-22 15:26:08.309","/master/welcome",535
"2022-05-22 15:26:08.947","/master/welcome",572
"2022-05-22 15:26:11.386","/master/welcome",345
"2022-05-22 15:26:11.945","/master/welcome",526
"2022-05-22 15:26:12.567","/master/sign-in",565
"2022-05-22 15:26:14.325","/master/welcome",563
"2022-05-22 15:26:15.088","/inventor/patronage-report/list-mine",580
"2022-05-22 15:26:16.264","/inventor/patronage-report/create",569
"2022-05-22 15:26:18.817","/inventor/patronage-report/create",568
"2022-05-22 15:26:19.446","/master/welcome",572
"2022-05-22 15:26:20.078","/master/welcome",570
"2022-05-22 15:26:22.724","/master/welcome",557
"2022-05-22 15:26:23.288","/master/welcome",536
"2022-05-22 15:26:23.911","/master/sign-in",560
"2022-05-22 15:26:25.714","/master/welcome",576
"2022-05-22 15:26:26.463","/inventor/patronage-report/list-mine",572
"2022-05-22 15:26:27.626","/inventor/patronage-report/create",565
"2022-05-22 15:26:29.504","/inventor/patronage-report/create",566
"2022-05-22 15:26:30.1","/master/welcome",549
"2022-05-22 15:26:30.722","/master/welcome",561
"2022-05-22 15:26:33.323","/master/welcome",515
"2022-05-22 15:26:33.9","/master/welcome",545
"2022-05-22 15:26:34.519","/master/sign-in",564
"2022-05-22 15:26:36.265","/master/welcome",576
"2022-05-22 15:26:37.514","/inventor/patronage-report/list-mine",570
"2022-05-22 15:26:38.693","/inventor/patronage-report/create",565
"2022-05-22 15:26:41.138","/inventor/patronage-report/create",574
"2022-05-22 15:26:41.752","/master/welcome",561
"2022-05-22 15:26:42.378","/master/welcome",566
"2022-05-22 15:26:44.793","/master/welcome",336
"2022-05-22 15:26:45.384","/master/welcome",564
"2022-05-22 15:26:46.547","/master/sign-in",570
"2022-05-22 15:26:47.862","/master/welcome",566
"2022-05-22 15:26:49.092","/inventor/patronage-report/list-mine",555
"2022-05-22 15:26:50.276","/inventor/patronage-report/create",569
"2022-05-22 15:26:52.712","/inventor/patronage-report/create",563
"2022-05-22 15:26:53.357","/master/welcome",579
"2022-05-22 15:26:53.985","/master/welcome",564
"2022-05-22 15:26:56.661","/master/welcome",595
"2022-05-22 15:26:57.219","/master/welcome",531
"2022-05-22 15:26:58.384","/master/sign-in",573
"2022-05-22 15:26:59.709","/master/welcome",568
"2022-05-22 15:27:00.477","/inventor/patronage-report/list-mine",575
"2022-05-22 15:27:01.66","/inventor/patronage-report/create",568
"2022-05-22 15:27:04.122","/inventor/patronage-report/create",577
"2022-05-22 15:27:04.735","/master/welcome",569
"2022-05-22 15:27:05.409","/master/welcome",568
"2022-05-22 15:27:08.526","/master/welcome",1014
"2022-05-22 15:27:09.039","/master/welcome",484
"2022-05-22 15:27:10.203","/master/sign-in",562
"2022-05-22 15:27:11.62","/master/welcome",557
"2022-05-22 15:27:12.351","/inventor/patronage-report/list-mine",575
"2022-05-22 15:27:13.565","/inventor/patronage-report/create",586
"2022-05-22 15:27:15.246","/inventor/patronage-report/create",573
"2022-05-22 15:27:15.965","/master/welcome",640
"2022-05-22 15:27:16.585","/master/welcome",562
"2022-05-22 15:27:19.191","/master/welcome",516
"2022-05-22 15:27:21.54","/inventor/patronage-report/create",294
"2022-05-22 15:27:22.1","/master/welcome",514
"2022-05-22 15:27:22.749","/master/sign-in",572
"2022-05-22 15:27:25.069","/master/welcome",578
"2022-05-22 15:27:25.702","/inventor/patronage-report/create",577
"2022-05-22 15:27:26.324","/master/welcome",578
"2022-05-22 15:27:26.974","/master/welcome",584
"2022-05-22 15:27:29.572","/master/welcome",534
"2022-05-22 15:27:30.719","/master/sign-in",558
"2022-05-22 15:27:32.108","/master/welcome",570
"2022-05-22 15:27:32.647","/inventor/patronage-report/create",480
"2022-05-22 15:27:33.157","/master/welcome",457
"2022-05-22 15:27:33.792","/master/welcome",567
"2022-05-22 15:27:37.736","/master/welcome",546
"2022-05-22 15:27:38.278","/master/welcome",512
"2022-05-22 15:27:38.893","/master/sign-in",556
"2022-05-22 15:27:40.648","/master/welcome",571
"2022-05-22 15:27:41.894","/inventor/patronage-report/list-mine",561
"2022-05-22 15:27:42.916","/master/welcome",545
"2022-05-22 15:27:43.549","/master/welcome",562
"2022-05-22 15:27:46.208","/master/welcome",563
"2022-05-22 15:27:48.821","/inventor/patronage-report/list-mine",546
"2022-05-22 15:27:49.387","/master/welcome",528
"2022-05-22 15:27:50.012","/master/sign-in",567
"2022-05-22 15:27:51.757","/master/welcome",578
"2022-05-22 15:27:52.413","/inventor/patronage-report/list-mine",589
"2022-05-22 15:27:53.023","/master/welcome",564
"2022-05-22 15:27:53.641","/master/welcome",556
"2022-05-22 15:27:56.274","/master/welcome",548
"2022-05-22 15:27:57.431","/master/sign-in",563
"2022-05-22 15:27:58.756","/master/welcome",575
"2022-05-22 15:27:59.38","/inventor/patronage-report/list-mine",562
"2022-05-22 15:27:59.962","/master/welcome",535
"2022-05-22 15:28:00.603","/master/welcome",580
"2022-05-22 15:28:04.579","/master/welcome",510
"2022-05-22 15:28:05.111","/master/welcome",501
"2022-05-22 15:28:05.732","/master/sign-in",560
"2022-05-22 15:28:07.477","/master/welcome",562
"2022-05-22 15:28:08.186","/inventor/patronage-report/list-mine",554
"2022-05-22 15:28:09.518","/inventor/patronage-report/show",550
"2022-05-22 15:28:10.267","/master/welcome",482
"2022-05-22 15:28:11.441","/master/welcome",564
"2022-05-22 15:28:15.448","/master/welcome",580
"2022-05-22 15:28:16.023","/master/welcome",549
"2022-05-22 15:28:16.652","/master/sign-in",564
"2022-05-22 15:28:18.946","/master/welcome",569
"2022-05-22 15:28:20.191","/any/item/list",557
"2022-05-22 15:28:22.116","/master/welcome",568
"2022-05-22 15:28:22.735","/master/welcome",558
"2022-05-22 15:28:25.37","/master/welcome",549
"2022-05-22 15:28:25.929","/master/welcome",532
"2022-05-22 15:28:27.08","/master/sign-in",571
"2022-05-22 15:28:29.021","/master/welcome",576
"2022-05-22 15:28:29.761","/any/item/list",592
"2022-05-22 15:28:30.681","/master/welcome",607
"2022-05-22 15:28:31.224","/master/welcome",513
"2022-05-22 15:28:31.849","/master/sign-in",564
"2022-05-22 15:28:34.15","/master/welcome",564
"2022-05-22 15:28:35.398","/any/item/list",572
"2022-05-22 15:28:36.203","/master/welcome",515
"2022-05-22 15:28:36.78","/master/welcome",547
"2022-05-22 15:28:37.942","/master/sign-in",568
"2022-05-22 15:28:39.278","/master/welcome",580
"2022-05-22 15:28:40.552","/any/item/list",570
"2022-05-22 15:28:41.354","/master/welcome",516
"2022-05-22 15:28:41.914","/master/welcome",530
"2022-05-22 15:28:42.541","/master/sign-in",567
"2022-05-22 15:28:44.311","/master/welcome",572
"2022-05-22 15:28:45.573","/any/item/list",549
"2022-05-22 15:28:48.122","/master/welcome",531
"2022-05-22 15:28:48.667","/master/welcome",514
"2022-05-22 15:28:49.29","/master/sign-in",562
"2022-05-22 15:28:51.063","/master/welcome",578
"2022-05-22 15:28:52.312","/any/item/list",552
"2022-05-22 15:28:53.652","/any/item/show",570
"2022-05-22 15:28:54.751","/master/welcome",562
"2022-05-22 15:28:55.397","/master/welcome",581
"2022-05-22 15:28:58.029","/master/welcome",558
"2022-05-22 15:28:58.594","/master/welcome",533
"2022-05-22 15:28:59.216","/master/sign-in",567
"2022-05-22 15:29:01.002","/master/welcome",566
"2022-05-22 15:29:02.261","/any/item/list",568
"2022-05-22 15:29:03.612","/any/item/show",570
"2022-05-22 15:29:04.282","/master/welcome",548
"2022-05-22 15:29:04.863","/master/welcome",548
"2022-05-22 15:29:05.479","/master/sign-in",563
"2022-05-22 15:29:07.234","/master/welcome",563
"2022-05-22 15:29:08.494","/any/item/list",566
"2022-05-22 15:29:09.84","/any/item/show",558
"2022-05-22 15:29:10.496","/master/welcome",525
"2022-05-22 15:29:11.041","/master/welcome",512
"2022-05-22 15:29:12.212","/master/sign-in",580
"2022-05-22 15:29:13.57","/master/welcome",581
"2022-05-22 15:29:14.83","/any/item/list",564
"2022-05-22 15:29:16.18","/any/item/show",562
"2022-05-22 15:29:16.839","/master/welcome",513
"2022-05-22 15:29:17.382","/master/welcome",513
"2022-05-22 15:29:18.009","/master/sign-in",561
"2022-05-22 15:29:19.767","/master/welcome",574
"2022-05-22 15:29:21.023","/any/item/list",572
"2022-05-22 15:29:22.378","/any/item/show",556
